store_name,category,new_open,rating,visited_review,blog_review,store_id,address,business_hours,phone_num,lat_lng
하이보 위례점,중식당,없음,4.33,744,826,1017326460,"경기 성남시 수정구 위례광장로 310 우성트램타워 B동 3층 306호,307호,308호","매일
11:10 - 21:30
21:00 라스트오더 /",0507-1386-1018,"{'x': 37.472839, 'y': 127.1424342}"
우대포 위례본점,"육류,고기요리",없음,0.0,"5,536","2,929",1149142229,서울 송파구 위례광장로 120 155호,"화
16:30 - 22:30
21:40 라스트오더 /수
16:30 - 22:30
21:40 라스트오더 /목
16:30 - 22:30
21:40 라스트오더 /금
16:30 - 22:30
21:40 라스트오더 /토
11:30 - 22:30
15:00 - 16:30 브레이크타임
21:40 라스트오더 /일
11:30 - 22:30
15:00 - 16:30 브레이크타임
21:40 라스트오더 /월
16:30 - 22:30
21:40 라스트오더 /",0507-1370-8151,"{'x': 37.4750397, 'y': 127.14116}"
제줏간 위례중앙광장점,돼지고기구이,없음,0.0,"3,263","2,495",1690538184,서울 송파구 위례광장로 290 상가동 1층 145호~147호,"매일
12:00 - 24:00
23:00 라스트오더 /",0507-1382-2898,"{'x': 37.474597, 'y': 127.1432345}"
브루썸,"카페,디저트",없음,0.0,128,92,1564498825,경기 성남시 수정구 위례광장로 300 위례중앙타워 b06호 지하1층,"화
09:30 - 18:00
17:30 라스트오더 /수
11:00 - 18:00
17:30 라스트오더 /목
09:30 - 18:00
17:30 라스트오더 /금
09:30 - 18:00
17:30 라스트오더 /토
정기휴무 (매주 토요일) /일
정기휴무 (매주 일요일) /월
09:30 - 18:00
17:30 라스트오더 /",0507-1380-4686,"{'x': 37.473447300000004, 'y': 127.1427856187999}"
소주물 위례신도시점,"육류,고기요리",없음,0.0,"1,321",35,1800870077,"경기 성남시 수정구 위례광장로 104 1014호, 1015호","화
16:00 - 23:00
22:00 라스트오더 /수
16:00 - 23:00
22:00 라스트오더 /목
16:00 - 23:00
22:00 라스트오더 /금
16:00 - 23:00
22:00 라스트오더 /토
12:00 - 23:00
15:00 - 16:00 브레이크타임
22:00 라스트오더 /일
12:00 - 23:00
15:00 - 16:00 브레이크타임
22:00 라스트오더 /월
16:00 - 23:00
22:00 라스트오더 /",0507-1388-7108,"{'x': 37.4727099, 'y': 127.1415588}"
묘한식당,요리주점,없음,4.67,193,167,1965734293,경기 성남시 수정구 위례광장로 310 B동 120호,"매일
18:00 - 02:00 /",031-756-9997,"{'x': 37.472839, 'y': 127.1424342}"
모토이시 위례점,"육류,고기요리",없음,0.0,535,567,1424978030,서울 송파구 위례광장로 120 상가동 1층 156호,"화
16:00 - 24:00
23:00 라스트오더 /수
16:00 - 24:00
23:00 라스트오더 /목
16:00 - 24:00
23:00 라스트오더 /금
16:00 - 00:30
23:30 라스트오더 /토
13:00 - 00:30
23:30 라스트오더 /일
13:00 - 24:00
23:00 라스트오더 /월
16:00 - 24:00
23:00 라스트오더 /",0507-1355-8979,"{'x': 37.4750397, 'y': 127.14116}"
돈가옥 위례본점,"육류,고기요리",없음,0.0,734,184,1340817914,"경기 성남시 수정구 위례광장로 300 137, 138, 139호","화
11:30 - 22:30
14:30 - 16:30 브레이크타임
21:30 라스트오더 /수
11:30 - 22:30
14:30 - 16:30 브레이크타임
21:30 라스트오더 /목
11:30 - 22:30
14:30 - 16:30 브레이크타임
21:30 라스트오더 /금
11:30 - 22:30
14:30 - 16:30 브레이크타임
21:30 라스트오더 /토
11:30 - 22:30
15:00 - 16:30 브레이크타임
21:30 라스트오더 /일
11:30 - 22:30
15:00 - 16:30 브레이크타임
21:30 라스트오더 /월
11:30 - 22:30
14:30 - 16:30 브레이크타임
21:30 라스트오더 /",0507-1483-5959,"{'x': 37.473447300000004, 'y': 127.1427856187999}"
다온정샤브손칼국수,한식,없음,0.0,222,38,1353178049,서울 송파구 위례광장로 170 B동 1층 117호,"화
정기휴무 (매주 화요일) /수
11:00 - 21:00
15:00 - 17:00 브레이크타임
20:30 라스트오더 /목
11:00 - 21:00
15:00 - 17:00 브레이크타임
20:30 라스트오더 /금
11:00 - 21:00
15:00 - 17:00 브레이크타임
20:30 라스트오더 /토
11:00 - 21:00
15:00 - 17:00 브레이크타임
20:30 라스트오더 /일
11:00 - 21:00
15:00 - 17:00 브레이크타임
20:30 라스트오더 /월
11:00 - 21:00
15:00 - 17:00 브레이크타임
20:30 라스트오더 /",0507-1404-0875,"{'x': 37.4785738, 'y': 127.142863}"
장어야,"장어,먹장어요리",없음,4.51,815,366,1676127599,"서울 송파구 위례광장로 188 아이온스퀘어 1, 2층","화
11:30 - 22:00 /수
11:30 - 22:00 /목
11:30 - 22:00 /금
11:30 - 22:00 /토
11:30 - 22:00 /일
11:30 - 22:00 /월
11:30 - 22:00 /",02-431-9290,"{'x': 37.481226649999996, 'y': 127.14248774455531}"
담솥 위례점,한식,없음,0.0,"1,065",741,1989409555,"경기 성남시 수정구 위례광장로 104 1층 1096호, 1097호","화
11:00 - 21:30
15:30 - 17:00 브레이크타임
21:00 라스트오더 /수
11:00 - 21:30
15:30 - 17:00 브레이크타임
21:00 라스트오더 /목
11:00 - 21:30
15:30 - 17:00 브레이크타임
21:00 라스트오더 /금
11:00 - 21:30
15:30 - 17:00 브레이크타임
21:00 라스트오더 /토
11:00 - 21:30
16:00 - 17:00 브레이크타임
21:00 라스트오더 /일
11:00 - 21:30
16:00 - 17:00 브레이크타임
21:00 라스트오더 /월
11:00 - 21:30
15:30 - 17:00 브레이크타임
21:00 라스트오더 /",0507-1436-9557,"{'x': 37.4727099, 'y': 127.1415588}"
채선당플러스 위례신도시점,샤브샤브,없음,0.0,"1,339",491,36373165,서울 송파구 위례광장로 199 성희프라자 301호,"화
11:30 - 21:30
15:30 - 17:30 브레이크타임
14:00, 20:00 라스트오더 /수
11:30 - 21:30
15:30 - 17:30 브레이크타임
14:00, 20:00 라스트오더 /목
11:30 - 21:30
15:30 - 17:30 브레이크타임
14:00, 20:00 라스트오더 /금
11:30 - 21:30
15:30 - 17:30 브레이크타임
14:00, 20:00 라스트오더 /토
11:30 - 21:30
20:00 라스트오더 /일
11:30 - 21:30
20:00 라스트오더 /월
11:30 - 21:30
15:30 - 17:30 브레이크타임
14:00, 20:00 라스트오더 /",02-401-2488,"{'x': 37.4816961, 'y': 127.14281552490804}"
크림베이글 위례점,베이커리,없음,0.0,"1,342",142,1954291090,서울 송파구 위례광장로 230 위례2차아이파크상가 2동 1층 B-121호,"화
08:30 - 18:00 /수
08:30 - 18:00 /목
08:30 - 18:00 /금
08:30 - 18:00 /토
08:30 - 18:00 /일
08:30 - 18:00 /월
정기휴무 (매주 월요일) /",0507-1378-7382,"{'x': 37.4783867, 'y': 127.1434008}"
퀴즈노스 위례점,샌드위치,없음,4.45,376,29,1155479473,서울 송파구 위례광장로 136,"화
10:00 - 21:00
20:45 라스트오더 /수
10:00 - 21:00
20:45 라스트오더 /목
10:00 - 21:00
20:45 라스트오더 /금
10:00 - 21:00
20:45 라스트오더 /토
10:00 - 21:00
20:45 라스트오더 /일
10:00 - 21:00
20:45 라스트오더 /월
10:00 - 21:00
20:45 라스트오더 /",02-6014-5900,"{'x': 37.4760088, 'y': 127.1417158}"
오붓식당 본점,양식,없음,0.0,"1,375",693,1512483219,서울 송파구 위례광장로 120 중앙푸르지오 1단지 상가2층 203호 오붓식당,"화
10:30 - 21:30
15:00 - 17:00 브레이크타임
20:20 라스트오더 /수
10:30 - 21:30
15:00 - 17:00 브레이크타임
20:20 라스트오더 /목
10:30 - 21:30
15:00 - 17:00 브레이크타임
20:20 라스트오더 /금
10:30 - 21:30
15:00 - 17:00 브레이크타임
20:20 라스트오더 /토
10:30 - 21:30
15:00 - 17:00 브레이크타임
20:20 라스트오더 /일
10:30 - 21:30
15:00 - 17:00 브레이크타임
20:20 라스트오더 /월
10:30 - 21:30
15:00 - 17:00 브레이크타임
20:20 라스트오더 /",0507-1378-6232,"{'x': 37.4750397, 'y': 127.14116}"
깜보 위례 삼겹살,"육류,고기요리",없음,0.0,"1,715","1,326",1947218778,경기 성남시 수정구 위례광장로 104 위례 한화 오벨리스크 센트럴스퀘어 1023호,"화(3/18)
14:20 - 24:00 /수
14:30 - 23:30 /목
14:30 - 23:30 /금
14:30 - 23:30 /토
11:30 - 23:30 /일
11:30 - 23:30 /월
14:30 - 23:30 /",0507-1378-3987,"{'x': 37.4727099, 'y': 127.1415588}"
쭈불리 위례점,주꾸미요리,없음,0.0,712,80,1066564208,"경기 성남시 수정구 위례광장로 311 상가동 1층 101,102호 쭈블리","매일
11:00 - 23:00
22:00 라스트오더 /",0507-1337-7412,"{'x': 37.4722625, 'y': 127.1447735}"
미도인 위례,양식,없음,0.0,"1,620","1,043",1304905395,"서울 송파구 위례광장로 290 상가동 1층 148, 149호","매일
11:00 - 21:00
20:30 라스트오더 /",0507-1369-8854,"{'x': 37.474597, 'y': 127.1432345}"
라벨로,"스파게티,파스타전문",없음,4.61,"1,064",309,1894835453,경기 성남시 수정구 위례광장로 310 우성트램타워 A동 2층,"화
11:00 - 21:00
15:00 - 16:30 브레이크타임
20:10 라스트오더 /수
11:00 - 21:00
15:00 - 16:30 브레이크타임
20:10 라스트오더 /목
11:00 - 21:00
15:00 - 16:30 브레이크타임
20:10 라스트오더 /금
11:00 - 21:00
15:00 - 16:30 브레이크타임
20:10 라스트오더 /토
11:00 - 21:00
20:10 라스트오더 /일
11:00 - 21:00
20:10 라스트오더 /월
정기휴무 (매주 월요일) /",031-755-0729,"{'x': 37.472839, 'y': 127.1424342}"
화이트리에 위례점,베이커리,없음,0.0,152,74,1114561065,서울 송파구 위례광장로 170 힐스테이트 상가 A동 1층 A115호,"화
10:00 - 21:00 /수
10:00 - 21:00 /목
10:00 - 21:00 /금
10:00 - 21:00 /토
10:00 - 21:00 /일
10:00 - 21:00 /월
10:00 - 21:00 /",02-402-6968,"{'x': 37.4785738, 'y': 127.142863}"
깜보 위례 삼겹살,"육류,고기요리",없음,0.0,"1,715","1,326",1947218778,경기 성남시 수정구 위례광장로 104 위례 한화 오벨리스크 센트럴스퀘어 1023호,"화(3/18)
14:20 - 24:00 /수
14:30 - 23:30 /목
14:30 - 23:30 /금
14:30 - 23:30 /토
11:30 - 23:30 /일
11:30 - 23:30 /월
14:30 - 23:30 /",0507-1378-3987,"{'x': 37.4727099, 'y': 127.1415588}"
제줏간 위례중앙광장점,돼지고기구이,없음,0.0,"3,263","2,495",1690538184,서울 송파구 위례광장로 290 상가동 1층 145호~147호,"매일
12:00 - 24:00
23:00 라스트오더 /",0507-1382-2898,"{'x': 37.474597, 'y': 127.1432345}"
육지와바다안주마을,"육류,고기요리",없음,0.0,88,51,1839407673,경기 성남시 수정구 위례광장로 320 2층 210호,"화
12:00 - 02:00
01:30 라스트오더 /수
12:00 - 02:00
01:30 라스트오더 /목
12:00 - 02:00
01:30 라스트오더 /금
12:00 - 02:00
01:30 라스트오더 /토
12:00 - 02:00
01:30 라스트오더 /일
12:00 - 02:00
01:30 라스트오더 /월
12:00 - 02:00
01:30 라스트오더 /",0507-1311-9711,"{'x': 37.472476806814, 'y': 127.14333102782943}"
소요일 위례직영점,"육류,고기요리",없음,0.0,"1,208",116,1986135189,"경기 성남시 수정구 위례광장로 104 1056호, 1057호 소요일","화
14:30 - 23:00
22:10 라스트오더 /수
14:30 - 23:00
22:10 라스트오더 /목
14:30 - 23:00
22:10 라스트오더 /금
12:00 - 23:00
15:30 - 16:30 브레이크타임
22:10 라스트오더 /토
12:00 - 23:00
15:30 - 16:30 브레이크타임
22:10 라스트오더 /일
12:00 - 23:00
15:30 - 16:30 브레이크타임
22:10 라스트오더 /월
14:30 - 23:00
22:10 라스트오더 /",0507-1474-5526,"{'x': 37.4727099, 'y': 127.1415588}"
버킨칩스 위례본점,햄버거,새로오픈,0.0,93,44,1976406524,"경기 성남시 수정구 위례광장로 82 상가동 1층 107-2, 108-1, 108-2호","매일
10:30 - 22:00
15:00 - 17:00 브레이크타임
21:30 라스트오더 /",0507-1421-0311,"{'x': 37.472476806814, 'y': 127.14333102782943}"
압구정화로구이 위례점,"육류,고기요리",없음,0.0,744,244,1030555605,"경기 성남시 수정구 위례광장로 70 1층 124, 125호","화
16:00 - 23:00 /수
16:00 - 23:00 /목
16:00 - 23:00 /금
16:00 - 23:00 /토
11:30 - 23:00 /일
11:30 - 23:00 /월
16:00 - 23:00 /",0507-1474-7457,"{'x': 37.472476806814, 'y': 127.14333102782943}"
성성칼국수,"칼국수,만두",없음,4.4,"2,164",289,1488230856,경기 성남시 수정구 위례광장로 300 205호,"매일
11:00 - 21:30
21:00 라스트오더 /",031-721-1108,"{'x': 37.473447300000004, 'y': 127.1427856187999}"
올드몬트베이글 위례본점,베이커리,없음,0.0,"1,793",155,1410740245,경기 성남시 수정구 위례광장로 104 1층 1075호,"화
09:00 - 20:00 /수
09:00 - 20:00 /목
09:00 - 20:00 /금
09:00 - 20:00 /토
08:30 - 22:00 /일
08:30 - 22:00 /월
09:00 - 20:00 /",031-1522-9880,"{'x': 37.4727099, 'y': 127.1415588}"
맛찬들왕소금구이 위례점,"육류,고기요리",없음,4.51,"2,260",523,1915489251,경기 성남시 수정구 위례광장로 104 한화 오벨리스크 1029호,"매일
11:30 - 23:30 /",0507-1340-3236,"{'x': 37.4727099, 'y': 127.1415588}"
소담촌 위례신도시점,샤브샤브,없음,0.0,"1,789",252,1819079968,경기 성남시 수정구 위례광장로 300 507호,"매일
10:30 - 21:00
20:00 라스트오더 /",031-723-7077,"{'x': 37.473447300000004, 'y': 127.1427856187999}"
위클리커피 송파위례점,"카페,디저트",없음,4.66,379,235,1130384885,서울 송파구 위례광장로 230 B123,"화
08:30 - 18:30
18:00 라스트오더 /수
08:30 - 18:30
18:00 라스트오더 /목
08:30 - 18:30
18:00 라스트오더 /금
08:30 - 18:30
18:00 라스트오더 /토
09:00 - 18:30
18:00 라스트오더 /일
09:00 - 18:30
18:00 라스트오더 /월
08:30 - 18:30
18:00 라스트오더 /",0507-1393-1744,"{'x': 37.4783867, 'y': 127.1434008}"
따딩홍콩덕,중식당,없음,0.0,255,176,1805602777,경기 성남시 수정구 위례광장로 320 204호,"화
12:00 - 22:00
21:00 라스트오더 /수
12:00 - 22:00
21:00 라스트오더 /목
12:00 - 22:00
21:00 라스트오더 /금
12:00 - 22:00
21:00 라스트오더 /토
12:00 - 22:00
21:00 라스트오더 /일
12:00 - 22:00
21:00 라스트오더 /월
12:00 - 22:00
21:00 라스트오더 /",없음,"{'x': 37.472476806814, 'y': 127.14333102782943}"
니아이 커피 위례,"카페,디저트",없음,0.0,"1,005",238,1681457904,서울 송파구 위례광장로 136 위례아이파크 상가 5동 1층 E-112호,"화
09:00 - 21:00
20:30 라스트오더 /수
09:00 - 21:00
20:30 라스트오더 /목
09:00 - 21:00
20:30 라스트오더 /금
09:00 - 21:00
20:30 라스트오더 /토
10:00 - 21:00
20:30 라스트오더 /일
10:00 - 21:00
20:30 라스트오더 /월
09:00 - 21:00
20:30 라스트오더 /",0507-1360-8564,"{'x': 37.4760088, 'y': 127.1417158}"
스시메이커 성남위례중앙광장본점,"초밥,롤",없음,0.0,446,138,1093567546,경기 성남시 수정구 위례광장로 104 상가 2층 2246호 스시메이커,"화
11:00 - 22:00
15:00 - 17:00 브레이크타임
21:30 라스트오더 /수
11:00 - 22:00
15:00 - 17:00 브레이크타임
21:30 라스트오더 /목
11:00 - 22:00
15:00 - 17:00 브레이크타임
21:30 라스트오더 /금
11:00 - 22:00
15:00 - 17:00 브레이크타임
21:30 라스트오더 /토
11:00 - 22:00
15:00 - 17:00 브레이크타임
21:30 라스트오더 /일
11:00 - 22:00
15:00 - 17:00 브레이크타임
21:30 라스트오더 /월
정기휴무 (매주 월요일) /",0507-1343-2978,"{'x': 37.4727099, 'y': 127.1415588}"
중국미식성,중식당,없음,4.41,357,62,592804870,서울 송파구 위례광장로 200 에스비트램스퀘어 2층 202호,"매일
11:00 - 23:00 /",0507-1409-1864,"{'x': 37.48120725, 'y': 127.14296644999999}"
노포식당,"곱창,막창,양",없음,4.24,954,327,1657292596,서울 송파구 위례광장로 120 1층 101호,"매일
11:30 - 22:30
15:30 - 16:30 브레이크타임
22:00 라스트오더 /",02-408-8555,"{'x': 37.4750397, 'y': 127.14116}"
레이지수잔,"카페,디저트",없음,4.67,144,79,1141906306,경기 성남시 수정구 위례광장로 104 2층 2229호 레이지수잔,"화
10:00 - 19:00 /수
10:00 - 19:00 /목
10:00 - 19:00 /금
10:00 - 19:00 /토
11:00 - 21:00 /일
11:00 - 21:00 /월
정기휴무 (매주 월요일) /",0507-1361-6396,"{'x': 37.4727099, 'y': 127.1415588}"
어나더테이블,베이커리,없음,0.0,179,25,1023047389,서울 송파구 위례광장로 230 2층 A-205호,"화
정기휴무 (매주 화요일) /수
09:00 - 16:00
15:00 라스트오더 /목
09:00 - 16:00
15:00 라스트오더 /금
09:00 - 16:00
15:00 라스트오더 /토
09:00 - 16:00
15:00 라스트오더 /일
정기휴무 (매주 일요일) /월
정기휴무 (매주 월요일) /",0507-1351-0405,"{'x': 37.4783867, 'y': 127.1434008}"
풍미 위례,중식당,없음,0.0,705,131,1859738585,서울 송파구 위례광장로 120 중앙푸르지오 1단지 상가동 126호,"화
11:00 - 21:00
15:00 - 17:00 브레이크타임
20:30 라스트오더 /수
11:00 - 21:00
15:00 - 17:00 브레이크타임
20:30 라스트오더 /목
11:00 - 21:00
15:00 - 17:00 브레이크타임
20:30 라스트오더 /금
11:00 - 21:00
15:00 - 17:00 브레이크타임
20:30 라스트오더 /토
11:00 - 21:00
15:00 - 17:00 브레이크타임
20:30 라스트오더 /일
11:00 - 21:00
15:00 - 17:00 브레이크타임
20:30 라스트오더 /월
정기휴무 (매주 월요일) /",02-431-6464,"{'x': 37.4750397, 'y': 127.14116}"
비밀베이커리 위례중앙타워점,베이커리,없음,0.0,112,24,1187805364,경기 성남시 수정구 위례광장로 300 114호,"화
08:00 - 21:00 /수
08:00 - 21:00 /목
08:00 - 21:00 /금
08:00 - 21:00 /토
08:00 - 21:00 /일
08:00 - 21:00 /월
08:00 - 21:00 /",0507-1489-1589,"{'x': 37.473447300000004, 'y': 127.1427856187999}"
코코이찌방야 위례점,카레,없음,4.47,274,21,38673313,서울 송파구 위례광장로 170 송파위례힐스테이트 A동 122호,"화
11:00 - 20:00
15:00 - 17:00 브레이크타임
19:00 라스트오더 /수
11:00 - 20:00
15:00 - 17:00 브레이크타임
19:00 라스트오더 /목
11:00 - 20:00
15:00 - 17:00 브레이크타임
19:00 라스트오더 /금
11:00 - 20:00
15:00 - 17:00 브레이크타임
19:00 라스트오더 /토
11:00 - 20:00
15:00 - 17:00 브레이크타임
19:00 라스트오더 /일
11:00 - 20:00
15:00 - 17:00 브레이크타임
19:00 라스트오더 /월
정기휴무 (매주 월요일) /",02-449-5566,"{'x': 37.4785738, 'y': 127.142863}"
동대문엽기떡볶이 위례신도시점,분식,없음,4.43,813,57,1621105841,서울 송파구 위례광장로 270,"매일
10:00 - 00:30 /",02-409-8592,"{'x': 37.4762899207198, 'y': 127.14133080600826}"
예감좋은지금이곳횟집 위례점,생선회,없음,4.39,223,198,1103855655,경기 성남시 수정구 위례광장로 310 우성트램상가 B동 2층 202호,"화
16:30 - 24:00
23:00 라스트오더 /수
16:30 - 24:00
23:00 라스트오더 /목
16:30 - 24:00
23:00 라스트오더 /금
16:30 - 24:00
23:00 라스트오더 /토
16:30 - 24:00
23:00 라스트오더 /일
16:30 - 24:00
23:00 라스트오더 /월
정기휴무 (매주 월요일) /",없음,"{'x': 37.472839, 'y': 127.1424342}"
백정집,한식,없음,0.0,738,915,1036277046,"서울 송파구 송파대로 111 202동 1층 155, 156호","화
13:00 - 24:00
23:00 라스트오더 /수
13:00 - 24:00
23:00 라스트오더 /목
13:00 - 24:00
23:00 라스트오더 /금
15:00 - 23:30
22:30 라스트오더 /토
15:00 - 23:30
22:30 라스트오더 /일
15:00 - 23:30
22:30 라스트오더 /월
13:00 - 24:00
23:00 라스트오더 /",0507-1414-8269,"{'x': 37.48047245, 'y': 127.12414328368519}"
르브레드랩 위례점,베이커리,없음,4.1,263,103,1339978985,경기 성남시 수정구 위례광장로 104 1층 1동 1084호,"화
11:00 - 22:00 /수
11:00 - 22:00 /목
11:00 - 22:00 /금
11:00 - 22:00 /토
11:00 - 22:00 /일
11:00 - 22:00 /월
정기휴무 (매주 월요일) /",0507-1410-2263,"{'x': 37.4727099, 'y': 127.1415588}"
나부롱 양과점,"카페,디저트",없음,4.91,313,85,1004257769,서울 송파구 위례광장로 230 상가동 b동 116호,"화
10:00 - 17:30
17:20 라스트오더 /수
10:00 - 17:30
17:20 라스트오더 /목
10:00 - 17:30
17:20 라스트오더 /금
10:00 - 17:30
17:20 라스트오더 /토
10:00 - 17:30
17:20 라스트오더 /일
정기휴무 (매주 일요일) /월
10:30 - 17:30
17:20 라스트오더 /",0507-1471-6232,"{'x': 37.4783867, 'y': 127.1434008}"
95LABKITCHEN,양식,없음,0.0,"1,072",128,1286161990,서울 송파구 위례광장로 290 중앙푸르지오2단지 2층 202호 95labkitchen,"화
정기휴무 (매주 화요일) /수
10:00 - 21:00
16:00 - 17:30 브레이크타임
15:00, 20:00 라스트오더 /목
10:00 - 21:00
16:00 - 17:30 브레이크타임
15:00, 20:00 라스트오더 /금
10:00 - 21:00
16:00 - 17:30 브레이크타임
15:00, 20:00 라스트오더 /토
10:00 - 21:00
16:00 - 17:00 브레이크타임
15:00, 20:00 라스트오더 /일
10:00 - 21:00
16:00 - 17:00 브레이크타임
15:00, 20:00 라스트오더 /월
10:00 - 21:00
16:00 - 17:30 브레이크타임
15:00, 20:00 라스트오더 /",0507-1412-1995,"{'x': 37.474597, 'y': 127.1432345}"
한스 케익 위례점,카페,없음,4.41,675,71,1415520022,서울 송파구 위례광장로 120 121호,"화
10:30 - 21:30 /수
10:30 - 21:30 /목
10:30 - 21:30 /금
10:00 - 22:00 /토
10:00 - 22:00 /일
10:00 - 20:00 /월
10:30 - 21:30 /",0507-1308-1212,"{'x': 37.4750397, 'y': 127.14116}"
잭슨피자 위례점,피자,없음,4.56,"1,250",312,1294410745,"경기 성남시 수정구 위례광장로 104 1층 1054호, 1055호","화
11:00 - 21:30
21:00 라스트오더 /수
11:00 - 21:30
21:00 라스트오더 /목
11:00 - 21:30
21:00 라스트오더 /금
11:00 - 21:30
21:00 라스트오더 /토
11:00 - 21:30
21:00 라스트오더 /일
11:00 - 21:30
21:00 라스트오더 /월
11:00 - 21:30
21:00 라스트오더 /",0507-1406-0719,"{'x': 37.4727099, 'y': 127.1415588}"
홀썸치킨 위례점,"치킨,닭강정",없음,4.28,801,162,1203400493,경기 성남시 수정구 위례광장로 300 위례중앙타워 134호,"화
15:00 - 23:30
22:50 라스트오더 /수
15:00 - 23:30
22:50 라스트오더 /목
15:00 - 23:30
22:50 라스트오더 /금
15:00 - 23:30
22:50 라스트오더 /토
12:00 - 23:30
22:50 라스트오더 /일
12:00 - 23:30
22:50 라스트오더 /월
15:00 - 23:30
22:50 라스트오더 /",031-754-5900,"{'x': 37.473447300000004, 'y': 127.1427856187999}"
초밥쇼쿠닌,"초밥,롤",없음,4.6,578,98,1295708100,경기 성남시 수정구 위례광장로 320 아이에스센트럴타워 216호,"화
11:30 - 21:30
15:00 - 17:00 브레이크타임
14:30, 21:00 라스트오더 /수
11:30 - 21:30
15:00 - 17:00 브레이크타임
14:30, 21:00 라스트오더 /목
11:30 - 21:30
15:00 - 17:00 브레이크타임
14:30, 21:00 라스트오더 /금
11:30 - 21:30
15:00 - 17:00 브레이크타임
14:30, 21:00 라스트오더 /토
11:30 - 21:30
15:00 - 17:00 브레이크타임
14:30, 21:00 라스트오더 /일
11:30 - 21:30
15:00 - 17:00 브레이크타임
14:30, 21:00 라스트오더 /월
정기휴무 (매주 월요일) /",0507-1301-8587,"{'x': 37.472476806814, 'y': 127.14333102782943}"
광장닭발치킨,닭발,없음,0.0,597,128,1724978490,경기 성남시 수정구 위례광장로 104 1036호,"화
16:30 - 24:00 /수
16:30 - 24:00 /목
16:30 - 24:00 /금
16:30 - 24:00 /토
16:30 - 24:00 /일
16:30 - 24:00 /월
16:30 - 24:00 /",0507-1372-8459,"{'x': 37.4727099, 'y': 127.1415588}"
누리골감자탕,감자탕,없음,4.45,390,36,1354186829,"서울 송파구 위례광장로 199 203호, 204호","화
10:00 - 22:00
15:00 - 17:00 브레이크타임 /수
10:00 - 22:00
15:00 - 17:00 브레이크타임 /목
10:00 - 22:00
15:00 - 17:00 브레이크타임 /금
10:00 - 22:00
15:00 - 17:00 브레이크타임 /토
10:00 - 22:00 /일
10:00 - 22:00 /월
10:00 - 22:00
15:00 - 17:00 브레이크타임 /",02-402-3800,"{'x': 37.4816961, 'y': 127.14281552490804}"
육미제당 위례점,"육류,고기요리",없음,0.0,659,81,1732868403,서울 송파구 위례광장로 230 위례2차아이파크 1층 111호,"화
11:00 - 23:00
21:30 라스트오더 /수
11:00 - 23:00
21:30 라스트오더 /목
11:00 - 23:00
21:30 라스트오더 /금
11:00 - 23:00
21:30 라스트오더 /토
11:00 - 23:00
21:30 라스트오더 /일
11:00 - 23:00
21:30 라스트오더 /월
11:00 - 23:00
21:30 라스트오더 /",02-6476-7000,"{'x': 37.4783867, 'y': 127.1434008}"
커피빈 위례2차아이파크점,카페,없음,4.57,968,87,590113072,서울 송파구 위례광장로 230 위례2차 아이파크 B동 1층,"화
08:00 - 21:00 /수
08:00 - 21:00 /목
08:00 - 21:00 /금
08:00 - 22:00 /토
08:00 - 22:00 /일
08:00 - 22:00 /월
08:00 - 21:00 /",02-449-9703,"{'x': 37.4783867, 'y': 127.1434008}"
플랫도어,"카페,디저트",없음,0.0,337,41,1418867868,서울 송파구 위례광장로 230 상가 1동 A118호 플랫도어,"화
07:30 - 18:00
17:50 라스트오더 /수
정기휴무 (매주 수요일) /목
07:30 - 18:00
17:50 라스트오더 /금
07:30 - 18:00
17:50 라스트오더 /토
10:00 - 18:30
18:20 라스트오더 /일
10:00 - 18:30
18:20 라스트오더 /월
07:30 - 18:00
17:50 라스트오더 /",0507-1364-0462,"{'x': 37.4783867, 'y': 127.1434008}"
램타운 양꼬치 마라탕 본점,양꼬치,없음,0.0,557,144,1188267162,경기 성남시 수정구 위례광장로 320 아이에스센트럴타워 203호,"화
정기휴무 (매주 화요일) /수
14:00 - 23:00 /목
14:00 - 23:00 /금
14:00 - 23:00 /토
12:00 - 23:00 /일
12:00 - 23:00 /월
14:00 - 23:00 /",0507-1437-5112,"{'x': 37.472476806814, 'y': 127.14333102782943}"
브리즈썸,케이크전문,없음,0.0,14,65,1819486507,서울 송파구 위례광장로 170 힐스테이트몰 A동 207호,"매일
00:00 - 00:10 /",0507-1332-1021,"{'x': 37.4785738, 'y': 127.142863}"
돈가스 반찬가게 요일,돈가스,없음,4.82,413,24,1932131320,서울 송파구 위례광장로 215 위례스타힐스 상가동 요일,"화
11:30 - 19:30
19:00 라스트오더 /수
11:30 - 19:30
19:00 라스트오더 /목
11:30 - 19:30
19:00 라스트오더 /금
11:30 - 19:30
19:00 라스트오더 /토
정기휴무 (매주 토요일) /일
11:30 - 19:30
19:00 라스트오더 /월
11:30 - 19:30
19:00 라스트오더 /",02-400-4599,"{'x': 37.4762899207198, 'y': 127.14133080600826}"
유경식당,냉면,없음,0.0,808,302,1725180216,경기 성남시 수정구 위례광장로 104 1058호1059호,"매일
11:30 - 22:00
15:00 - 17:00 브레이크타임
20:30 라스트오더 /",031-722-0720,"{'x': 37.4727099, 'y': 127.1415588}"
옛골토성 위례점,돼지고기구이,없음,4.63,681,484,21349154,경기 성남시 수정구 위례광장로 82 2층,"매일
10:00 - 23:00 /",031-755-0199,"{'x': 37.472476806814, 'y': 127.14333102782943}"
주누돈까스냉면 위례,돈가스,없음,4.57,"1,263",160,842022149,경기 성남시 수정구 위례광장로 320 아이에스센트럴타워 218호,"화
10:30 - 21:00
20:30 라스트오더 /수
10:30 - 21:00
20:30 라스트오더 /목
10:30 - 21:00
20:30 라스트오더 /금
10:30 - 21:00
20:30 라스트오더 /토
10:30 - 21:00
20:30 라스트오더 /일
정기휴무 (매주 일요일) /월
10:30 - 21:00
20:30 라스트오더 /",031-723-7779,"{'x': 37.472476806814, 'y': 127.14333102782943}"
스시이안앤 위례점,"초밥,롤",없음,0.0,931,260,1052651898,경기 성남시 수정구 위례광장로 310 우성트램타워 A동 2층 206호,"화
11:30 - 21:50
21:10 라스트오더 /수
11:30 - 21:50
21:10 라스트오더 /목
11:30 - 21:50
21:10 라스트오더 /금
11:30 - 21:50
21:10 라스트오더 /토
11:30 - 21:50
21:10 라스트오더 /일
11:30 - 21:50
21:10 라스트오더 /월
11:30 - 21:50
21:10 라스트오더 /",0507-1369-8640,"{'x': 37.472839, 'y': 127.1424342}"
스타벅스 송파위례점,카페,없음,4.41,"3,550",159,58256240,"서울 송파구 위례광장로 230 (장지동, 위례2차아이파크)",,없음,"{'x': 37.4783867, 'y': 127.1434008}"
맘스터치 위례중앙점,햄버거,없음,4.42,"2,041",58,1279565145,"서울 송파구 위례광장로 270 G125,126호","매일
10:20 - 22:00
16:00 - 17:00 브레이크타임
21:30 라스트오더 /",0507-1325-5833,"{'x': 37.4762899207198, 'y': 127.14133080600826}"
촌놈집 위례점,"육류,고기요리",없음,4.39,"1,160",262,1600158840,경기 성남시 수정구 위례광장로 104 2층 2201호,"화
11:30 - 22:30
15:00 - 17:00 브레이크타임
21:30 라스트오더 /수
11:30 - 22:30
15:00 - 17:00 브레이크타임
21:30 라스트오더 /목
11:30 - 22:30
15:00 - 17:00 브레이크타임
21:30 라스트오더 /금
11:30 - 22:30
15:00 - 17:00 브레이크타임
21:30 라스트오더 /토
11:30 - 22:30
21:30 라스트오더 /일
11:30 - 22:30
21:30 라스트오더 /월
11:30 - 22:30
15:00 - 17:00 브레이크타임
21:30 라스트오더 /",0507-1337-3337,"{'x': 37.4727099, 'y': 127.1415588}"
예감좋은지금이곳횟집 위례점,생선회,없음,4.39,223,198,1103855655,경기 성남시 수정구 위례광장로 310 우성트램상가 B동 2층 202호,"화
16:30 - 24:00
23:00 라스트오더 /수
16:30 - 24:00
23:00 라스트오더 /목
16:30 - 24:00
23:00 라스트오더 /금
16:30 - 24:00
23:00 라스트오더 /토
16:30 - 24:00
23:00 라스트오더 /일
16:30 - 24:00
23:00 라스트오더 /월
정기휴무 (매주 월요일) /",없음,"{'x': 37.472839, 'y': 127.1424342}"
투썸플레이스 위례중앙점,카페,없음,4.39,"3,304",59,1085275020,경기 성남시 수정구 위례광장로 300 위례중앙타워 1층 투썸플레이스 위례중앙점,"화
07:30 - 22:00 /수
07:30 - 22:00 /목
07:30 - 22:00 /금
07:30 - 22:00 /토
07:30 - 22:00 /일
08:00 - 22:00 /월
07:30 - 22:00 /",0507-1378-6665,"{'x': 37.473447300000004, 'y': 127.1427856187999}"
스윗 파라티,베이커리,없음,4.86,184,25,1237448292,서울 송파구 위례광장로 136 5동 1층 E-102호,"화
11:30 - 20:00 /수
11:30 - 20:00 /목
11:30 - 20:00 /금
11:30 - 20:00 /토
11:30 - 19:30 /일
정기휴무 (매주 일요일) /월
정기휴무 (매주 월요일) /",0507-1482-8332,"{'x': 37.4760088, 'y': 127.1417158}"
스테이그린 위례직영점,"카페,디저트",없음,0.0,210,39,1303371687,"서울 송파구 위례광장로 170 힐스테이트 송파위례 상가A동 109, 110호","화
09:00 - 22:00
21:30 라스트오더 /수
09:00 - 22:00
21:30 라스트오더 /목
09:00 - 22:00
21:30 라스트오더 /금
09:00 - 22:00
21:30 라스트오더 /토
09:00 - 22:00
21:30 라스트오더 /일
09:00 - 22:00
21:30 라스트오더 /월
09:00 - 22:00
21:30 라스트오더 /",02-430-6077,"{'x': 37.4785738, 'y': 127.142863}"
헬로미켈란,브런치,없음,4.42,540,296,1145916786,경기 성남시 수정구 위례순환로 130 아트리버푸르지오 2단지 상가동 202호,"화
정기휴무 (매주 화요일) /수
10:30 - 21:00
15:00 - 17:00 브레이크타임 /목
10:30 - 21:00
15:00 - 17:00 브레이크타임 /금
10:30 - 21:00
15:00 - 17:00 브레이크타임 /토
10:30 - 21:00
15:00 - 17:00 브레이크타임 /일
10:30 - 21:00
15:00 - 17:00 브레이크타임 /월
10:30 - 21:00
15:00 - 17:00 브레이크타임 /",0507-1373-0335,"{'x': 37.469928464659155, 'y': 127.14846296997149}"
늘솜베이커리,베이커리,없음,4.49,565,43,38709678,서울 송파구 위례광장로 200 에스비트램스퀘어,"화
09:00 - 22:00 /수
09:00 - 22:00 /목
09:00 - 22:00 /금
09:00 - 22:00 /토
09:00 - 22:00 /일
정기휴무 (매주 일요일) /월
09:00 - 22:00 /",02-3402-0044,"{'x': 37.48120725, 'y': 127.14296644999999}"
스타벅스 성남위례점,카페,없음,4.46,"5,518",197,1371170217,경기 성남시 수정구 위례광장로 104 (창곡동),"화(3/18)
07:00 - 22:00 /수(3/19)
07:00 - 22:00 /목(3/20)
07:00 - 22:00 /금(3/21)
07:00 - 22:00 /토(3/22)
07:00 - 22:00 /일(3/23)
07:00 - 22:00 /월(3/24)
07:00 - 22:00 /",1522-3232,"{'x': 37.4727099, 'y': 127.1415588}"
유가네닭갈비 위례신도시점,닭갈비,없음,4.26,595,449,1691492599,서울 송파구 위례광장로 290 위례중앙푸르지오 2단지 상가동 111호,"매일
11:00 - 22:00 /",0507-1463-8026,"{'x': 37.474597, 'y': 127.1432345}"
쿠치나 디 까사 위례,이탈리아음식,없음,0.0,223,284,1049697806,경기 성남시 수정구 위례서일로 10 2층,"화
11:00 - 21:00
15:00 - 16:30 브레이크타임
20:20 라스트오더 /수
11:00 - 21:00
15:00 - 16:30 브레이크타임
20:20 라스트오더 /목
11:00 - 21:00
15:00 - 16:30 브레이크타임
20:20 라스트오더 /금
11:00 - 21:00
15:00 - 16:30 브레이크타임
20:20 라스트오더 /토
11:00 - 21:00
20:20 라스트오더 /일
11:00 - 21:00
20:20 라스트오더 /월
11:00 - 21:00
15:00 - 16:30 브레이크타임
20:20 라스트오더 /",0507-1400-1588,"{'x': 37.465457549999996, 'y': 127.13705298331676}"
미래회관 남위례역점,"육류,고기요리",없음,0.0,316,116,1558012479,"경기 성남시 수정구 위례서일로 46 지1층 B103호, 8104호","화
11:30 - 22:00
14:30 - 16:30 브레이크타임
20:50 라스트오더 /수
11:30 - 22:00
14:30 - 16:30 브레이크타임
20:50 라스트오더 /목
11:30 - 22:00
14:30 - 16:30 브레이크타임
20:50 라스트오더 /금
11:30 - 22:00
14:30 - 16:30 브레이크타임
20:50 라스트오더 /토
12:00 - 22:00
14:30 - 16:30 브레이크타임
20:50 라스트오더 /일
12:00 - 22:00
14:30 - 16:30 브레이크타임
20:50 라스트오더 /월
11:30 - 22:00
14:30 - 16:30 브레이크타임
20:50 라스트오더 /",0507-1377-4365,"{'x': 37.4652398, 'y': 127.1383654}"
집나간고등어,생선구이,없음,4,"1,093",283,1020336268,경기 성남시 수정구 위례광장로 70 위례 아트리버 푸르지오 1단지 상가동 107호~111호,"매일
11:00 - 21:00
14:50 - 17:00 브레이크타임
20:15 라스트오더 /",031-755-7943,"{'x': 37.4656034, 'y': 127.1415345}"
블로썸모어,케이크전문,없음,0.0,14,18,1869688155,서울 송파구 위례광장로 188,"화
10:00 - 17:00 /수
10:00 - 17:00 /목
10:00 - 17:00 /금
10:00 - 17:00 /토
10:00 - 11:00 /일
정기휴무 (매주 일요일) /월
정기휴무 (매주 월요일) /",0507-1314-1032,"{'x': 37.481226649999996, 'y': 127.14248774455531}"
청담김밥,김밥,없음,0.0,233,14,1504446174,서울 송파구 위례광장로 188 아이온스퀘어 1층 104호,"화
09:00 - 19:00
18:30 라스트오더 /수
09:00 - 19:00
18:30 라스트오더 /목
09:00 - 19:00
18:30 라스트오더 /금
09:00 - 19:00
18:30 라스트오더 /토
09:00 - 15:00
14:30 라스트오더 /일
정기휴무 (매주 일요일) /월
09:00 - 19:00
18:30 라스트오더 /",0507-1389-2714,"{'x': 37.481226649999996, 'y': 127.14248774455531}"
망향비빔국수 위례점,국수,없음,4.42,"1,417",157,1415596840,경기 성남시 수정구 위례광장로 320 아이에스센트럴타워129호,"화
10:30 - 21:00
14:00 - 14:30 브레이크타임
20:30 라스트오더 /수
10:30 - 21:00
14:00 - 14:30 브레이크타임
20:30 라스트오더 /목
10:30 - 21:00
14:00 - 14:30 브레이크타임
20:30 라스트오더 /금
10:30 - 21:00
14:00 - 14:30 브레이크타임
20:30 라스트오더 /토
10:30 - 21:00
15:30 - 16:00 브레이크타임
20:30 라스트오더 /일
10:30 - 21:00
15:30 - 16:00 브레이크타임
20:30 라스트오더 /월
정기휴무 (매주 월요일) /",031-755-4565,"{'x': 37.4730771, 'y': 127.1407798}"
짬뽕관 위례점,중식당,없음,0.0,956,29,1514302037,서울 송파구 위례광장로 230 위례아이파크2차 상가 B동 1층 119호,"화
10:00 - 22:00
21:30 라스트오더 /수
10:00 - 22:00
21:30 라스트오더 /목
10:00 - 22:00
21:30 라스트오더 /금
10:00 - 22:00
21:30 라스트오더 /토
10:00 - 22:00
15:00 - 16:30 브레이크타임
21:30 라스트오더 /일
10:00 - 22:00
15:00 - 16:30 브레이크타임
21:30 라스트오더 /월
10:00 - 22:00
21:30 라스트오더 /",02-400-8203,"{'x': 37.4783867, 'y': 127.1434008}"
샤브플레르,샤브샤브,없음,0.0,548,173,1021063499,경기 성남시 수정구 위례광장로 300 1동 지하1층 B23호 샤브플레르,"화
11:00 - 22:00
15:00 - 17:00 브레이크타임
21:00 라스트오더 /수
11:00 - 22:00
15:00 - 17:00 브레이크타임
21:00 라스트오더 /목
11:00 - 22:00
15:00 - 17:00 브레이크타임
21:00 라스트오더 /금
11:00 - 22:00
15:00 - 17:00 브레이크타임
21:00 라스트오더 /토
11:00 - 22:00
21:00 라스트오더 /일
11:00 - 22:00
21:00 라스트오더 /월
11:00 - 22:00
15:00 - 17:00 브레이크타임
21:00 라스트오더 /",0507-1377-5658,"{'x': 37.473447300000004, 'y': 127.1427856187999}"
브런치빈 위례점,브런치,없음,0.0,"2,393",497,1946183478,경기 성남시 수정구 위례광장로 300 3층 323-325호,"화
09:00 - 21:00
15:00 - 16:30 브레이크타임
20:00 라스트오더 /수
09:00 - 21:00
15:00 - 16:30 브레이크타임
20:00 라스트오더 /목
09:00 - 21:00
15:00 - 16:30 브레이크타임
20:00 라스트오더 /금
09:00 - 21:00
15:00 - 16:30 브레이크타임
20:00 라스트오더 /토
09:00 - 21:00
15:00 - 16:30 브레이크타임
20:00 라스트오더 /일
09:00 - 21:00
15:00 - 16:30 브레이크타임
20:00 라스트오더 /월
09:00 - 21:00
15:00 - 16:30 브레이크타임
20:00 라스트오더 /",0507-1386-0966,"{'x': 37.473447300000004, 'y': 127.1427856187999}"
맘앤도터,"카페,디저트",없음,4.68,186,127,1238298852,경기 성남시 수정구 위례광장로 310 A동 117호,"화
12:00 - 19:00 /수
12:00 - 19:00 /목
12:00 - 19:00 /금
12:00 - 19:00 /토
12:00 - 19:00 /일
정기휴무 (매주 일요일) /월
12:00 - 19:00 /",0507-1327-0259,"{'x': 37.472839, 'y': 127.1424342}"
써브웨이 성남위례점,샌드위치,없음,4.32,"2,520",64,1711728593,경기 성남시 수정구 위례광장로 104 1층 써브웨이 위례점,"화
08:30 - 21:30 /수
08:30 - 21:30 /목
08:30 - 21:30 /금
08:30 - 21:30 /토
08:00 - 21:30 /일
08:00 - 21:30 /월
08:30 - 21:30 /",0507-1348-5719,"{'x': 37.4727099, 'y': 127.1415588}"
M83,"맥주,호프",없음,4.56,55,33,1327458645,서울 송파구 위례광장로 120 중앙푸르지오 1단지 140호 M83,"화(3/18)
휴무 /수
20:00 - 02:00 /목
20:00 - 02:00 /금
20:00 - 02:00 /토
20:00 - 02:00 /일
정기휴무 (매주 일요일) /월
정기휴무 (매주 월요일) /",없음,"{'x': 37.4750397, 'y': 127.14116}"
두끼 위례중앙점,분식,없음,4.2,296,156,291337263,서울 송파구 위례광장로 136 위례아이파크1차 에비뉴상가 217호,"화
정기휴무 (매주 화요일) /수
11:30 - 22:00
20:30 라스트오더 /목
11:30 - 22:00
20:30 라스트오더 /금
11:30 - 22:00
20:30 라스트오더 /토
11:30 - 22:00
15:00 - 16:30 브레이크타임
20:30 라스트오더 /일
11:30 - 22:00
15:00 - 16:30 브레이크타임
20:30 라스트오더 /월
11:30 - 22:00
20:30 라스트오더 /",0507-1422-2771,"{'x': 37.4760088, 'y': 127.1417158}"
윤블랑제리,베이커리,없음,4.77,455,59,1200316337,경기 성남시 수정구 위례광장로 300 1층,"화
10:00 - 20:00 /수
10:00 - 20:00 /목
10:00 - 20:00 /금
10:00 - 20:00 /토
10:00 - 20:00 /일
10:00 - 20:00 /월
정기휴무 (매주 월요일) /",0507-1331-1695,"{'x': 37.473447300000004, 'y': 127.1427856187999}"
백남옥달인손만두 위례중앙로점,"칼국수,만두",없음,4.43,731,49,1924851568,서울 송파구 위례광장로 290,"화
정기휴무 (매주 화요일) /수
09:10 - 22:00 /목
09:10 - 22:00 /금
09:10 - 22:00 /토
09:10 - 22:00 /일
09:10 - 22:00 /월
09:10 - 22:00 /",02-403-8361,"{'x': 37.474597, 'y': 127.1432345}"
한사리감자탕&뼈구이 위례점,감자탕,없음,4.39,"1,133",140,1506301676,경기 성남시 수정구 위례광장로 300 B22호 한사리 위례점,"매일
11:00 - 21:30
15:00 - 17:00 브레이크타임
20:30 라스트오더 /",031-722-1427,"{'x': 37.473447300000004, 'y': 127.1427856187999}"
우마당 위례본점,"육류,고기요리",없음,0.0,220,337,1393306623,경기 성남시 수정구 위례광장로 104 위례오벨리스크 상가 1층1060호,"화
11:30 - 22:00
14:00 - 17:00 브레이크타임
21:00 라스트오더 /수
11:30 - 22:00
14:00 - 17:00 브레이크타임
21:00 라스트오더 /목
11:30 - 22:00
14:00 - 17:00 브레이크타임
21:00 라스트오더 /금
11:30 - 22:00
14:00 - 17:00 브레이크타임
21:00 라스트오더 /토
11:30 - 22:00
15:00 - 17:00 브레이크타임
21:00 라스트오더 /일
11:30 - 22:00
15:00 - 17:00 브레이크타임
21:00 라스트오더 /월
정기휴무 (매주 월요일) /",0507-1376-3858,"{'x': 37.4727099, 'y': 127.1415588}"
비비당 위례중앙점,비빔밥,새로오픈,0.0,45,5,1361540947,경기 성남시 수정구 위례광장로 104 1층 1003호,"매일
10:30 - 20:00
19:45 라스트오더 /",031-602-6020,"{'x': 37.4727099, 'y': 127.1415588}"
백소정 위례점,일식당,없음,0.0,"4,315",85,1600216028,서울 송파구 위례광장로 290 상가동 1층 102호_푸르지오2단지,"화
11:00 - 20:30
15:00 - 17:00 브레이크타임
20:00 라스트오더 /수
11:00 - 20:30
15:00 - 17:00 브레이크타임
20:00 라스트오더 /목
11:00 - 20:30
15:00 - 17:00 브레이크타임
20:00 라스트오더 /금
11:00 - 20:30
15:00 - 17:00 브레이크타임
20:00 라스트오더 /토
11:00 - 20:30
15:00 - 17:00 브레이크타임
20:00 라스트오더 /일
11:00 - 20:30
15:00 - 17:00 브레이크타임
20:00 라스트오더 /월
11:00 - 20:30
15:00 - 17:00 브레이크타임
20:00 라스트오더 /",02-6956-9882,"{'x': 37.474597, 'y': 127.1432345}"
홍춘천 치즈닭갈비 위례신도시점,닭갈비,없음,4.41,220,67,1268876593,서울 송파구 위례광장로 193 대길프라자 204호,"화
11:50 - 22:30
22:00 라스트오더 /수
11:50 - 22:30
22:00 라스트오더 /목
11:50 - 22:30
22:00 라스트오더 /금
11:50 - 22:30
22:00 라스트오더 /토
11:50 - 22:30
22:00 라스트오더 /일
11:50 - 22:30
22:00 라스트오더 /월
11:50 - 22:30
22:00 라스트오더 /",02-3012-2255,"{'x': 37.48171175, 'y': 127.1422664629536}"
티더커피하우스,"카페,디저트",없음,0.0,174,145,1893121798,서울 송파구 위례광장로 200 에스비트램스퀘어 108호,"화
10:00 - 18:00
17:50 라스트오더 /수
10:00 - 18:00
17:50 라스트오더 /목
10:00 - 18:00
17:50 라스트오더 /금
10:00 - 18:00
17:50 라스트오더 /토
10:00 - 19:00
18:50 라스트오더 /일
10:00 - 19:00
18:50 라스트오더 /월
정기휴무 (매주 월요일) /",0507-1368-0934,"{'x': 37.48120725, 'y': 127.14296644999999}"
스시J,일식당,없음,4.67,702,66,1537751032,서울 송파구 위례광장로 270 Y-129호,"화
정기휴무 (매주 화요일) /수
11:30 - 22:00
15:00 - 17:00 브레이크타임 /목
11:30 - 22:00
15:00 - 17:00 브레이크타임 /금
11:30 - 22:00
15:00 - 17:00 브레이크타임 /토
11:30 - 22:00
15:00 - 17:00 브레이크타임 /일
11:30 - 22:00
15:00 - 17:00 브레이크타임 /월
11:30 - 22:00
15:00 - 17:00 브레이크타임 /",0507-1435-2514,"{'x': 37.4760422, 'y': 127.1411786}"
동바호오 마늘 등갈비찜 마천점,한식,없음,0.0,558,46,1479156772,서울 송파구 거마로20길 1 102호,"화
11:30 - 23:30
22:30 라스트오더 /수
정기휴무 (매주 수요일) /목
11:30 - 23:30
22:30 라스트오더 /금
11:30 - 23:30
22:30 라스트오더 /토
11:30 - 23:30
22:30 라스트오더 /일
11:30 - 23:30
22:30 라스트오더 /월
11:30 - 23:30
22:30 라스트오더 /",0507-1461-7812,"{'x': 37.49474955, 'y': 127.14546363563842}"
잭슨피자 위례점,피자,없음,4.56,"1,252",312,1294410745,"경기 성남시 수정구 위례광장로 104 1층 1054호, 1055호","화
11:00 - 21:30
21:00 라스트오더 /수
11:00 - 21:30
21:00 라스트오더 /목
11:00 - 21:30
21:00 라스트오더 /금
11:00 - 21:30
21:00 라스트오더 /토
11:00 - 21:30
21:00 라스트오더 /일
11:00 - 21:30
21:00 라스트오더 /월
11:00 - 21:30
21:00 라스트오더 /",0507-1406-0719,"{'x': 37.4727099, 'y': 127.1415588}"
교촌치킨 위례송파점,"치킨,닭강정",없음,4.18,"1,071",44,38453896,"서울 송파구 위례광장로 120 148호,149호","화
12:00 - 24:00 /수
12:00 - 24:00 /목
12:00 - 24:00 /금
12:00 - 24:00 /토
12:00 - 24:00 /일
12:00 - 24:00 /월
12:00 - 24:00 /",0507-1422-1991,"{'x': 37.4750397, 'y': 127.14116}"
맥도날드 위례신도시점,햄버거,없음,4.41,"6,005",100,518074186,서울 송파구 위례광장로 290 위례중앙푸르지오2단지,"매일
00:00 - 24:00 /",02-6218-8200,"{'x': 37.474597, 'y': 127.1432345}"
위례게코카페티라노,"카페,디저트",없음,0.0,50,64,1281691417,서울 송파구 위례광장로 120 지하1층 B04-1호,"화
정기휴무 (매주 화요일) /수
13:00 - 21:00
20:30 라스트오더 /목
13:00 - 21:00
20:30 라스트오더 /금
13:00 - 21:00
20:30 라스트오더 /토
11:00 - 21:30
21:00 라스트오더 /일
11:00 - 21:30
21:00 라스트오더 /월
13:00 - 21:00
20:30 라스트오더 /",없음,"{'x': 37.4750397, 'y': 127.14116}"
피자알볼로 위례점,피자,없음,4.42,512,39,1364732352,서울 송파구 위례광장로 230,"매일
11:00 - 22:00 /",02-443-8495,"{'x': 37.4783867, 'y': 127.1434008}"
월수금통돼지 위례광장로점,돼지고기구이,없음,4.31,646,71,1078791506,"경기 성남시 수정구 위례광장로 104 1층 1061호, 1062호","화
11:00 - 21:45
15:00 - 17:00 브레이크타임
14:00, 20:45 라스트오더 /수
11:00 - 21:45
15:00 - 17:00 브레이크타임
14:00, 20:45 라스트오더 /목
11:00 - 21:45
15:00 - 17:00 브레이크타임
14:00, 20:45 라스트오더 /금
11:00 - 21:45
15:00 - 17:00 브레이크타임
14:00, 20:45 라스트오더 /토
11:00 - 21:45
15:00 - 17:00 브레이크타임
14:00, 20:45 라스트오더 /일
11:00 - 21:45
15:00 - 17:00 브레이크타임
14:00, 20:45 라스트오더 /월
정기휴무 (매주 월요일) /",0507-1332-1830,"{'x': 37.4733441, 'y': 127.141595}"
파리바게뜨 위례호수공원점,베이커리,없음,4.38,"1,832",15,38248771,"서울 송파구 위례광장로 199 (장지동) 1층 108, 109호","매일
07:00 - 23:00 /",0507-2093-4664,"{'x': 37.4816961, 'y': 127.14281552490804}"
자주오리돌판구이 위례중앙광장점,오리요리,없음,0.0,980,"1,222",1341220535,경기 성남시 수정구 위례광장로 104 1층 1016호,"화
정기휴무 (매주 화요일) /수
17:00 - 22:00
21:00 라스트오더 /목
17:00 - 22:00
21:00 라스트오더 /금
17:00 - 22:00
21:00 라스트오더 /토
12:00 - 22:00
21:00 라스트오더 /일
12:00 - 22:00
21:00 라스트오더 /월
17:00 - 22:00
21:00 라스트오더 /",없음,"{'x': 37.4733441, 'y': 127.141595}"
카페 더 베네치아,"카페,디저트",없음,0.0,746,61,1334963678,"서울 송파구 위례광장로 199 1층 112호, 112-1호","매일
10:00 - 22:00 /",0507-1315-2385,"{'x': 37.4816961, 'y': 127.14281552490804}"
숯돈이,한식,없음,0.0,251,52,1069394103,서울 송파구 위례광장로 170 힐스테이트송파위례 상가B동 110호,"화
16:00 - 22:00 /수
16:00 - 22:00 /목
16:00 - 22:00 /금
16:00 - 22:00 /토
16:00 - 22:00 /일
정기휴무 (매주 일요일) /월
16:00 - 22:00 /",0507-1476-4336,"{'x': 37.4789618, 'y': 127.1429015}"
존앤맷타코 위례직영점,"멕시코,남미음식",없음,0.0,440,119,1375838151,서울 송파구 위례광장로 270 1층 Y132호 차량이용 : 위례송파와이즈더샵상가주차장,"화
11:30 - 22:00
16:00 - 17:00 브레이크타임
15:30, 21:30 라스트오더 /수
11:30 - 22:00
16:00 - 17:00 브레이크타임
15:30, 21:30 라스트오더 /목
11:30 - 22:00
16:00 - 17:00 브레이크타임
15:30, 21:30 라스트오더 /금
11:30 - 22:00
16:00 - 17:00 브레이크타임
15:30, 21:30 라스트오더 /토
11:30 - 22:00
16:00 - 17:00 브레이크타임
15:30, 21:30 라스트오더 /일
11:30 - 22:00
16:00 - 17:00 브레이크타임
15:30, 21:30 라스트오더 /월
정기휴무 (매주 월요일) /",0507-1475-7862,"{'x': 37.4814442152005, 'y': 127.14322386759278}"
심미원마라탕 위례본점,중식당,없음,4.88,"2,477",99,1871834449,서울 송파구 위례광장로 290 상가동204호,"화
정기휴무 (매주 화요일) /수
11:00 - 22:00 /목
11:00 - 22:00 /금
11:00 - 22:00 /토
11:00 - 22:00 /일
11:00 - 22:00 /월
11:00 - 22:00 /",0507-1431-6888,"{'x': 37.474597, 'y': 127.1432345}"
스콜라파스타,이탈리아음식,없음,0.0,365,192,1146233556,서울 송파구 위례광장로 230 상가 2동 1층 B-104호,"화
정기휴무 (매주 화요일) /수
11:00 - 21:30
15:00 - 17:00 브레이크타임 /목
11:00 - 21:30
15:00 - 17:00 브레이크타임 /금
11:00 - 21:30
15:00 - 17:00 브레이크타임 /토
11:00 - 21:30
15:00 - 17:00 브레이크타임 /일
11:00 - 21:30
15:00 - 17:00 브레이크타임 /월
11:00 - 21:30
15:00 - 17:00 브레이크타임 /",02-400-0713,"{'x': 37.4783867, 'y': 127.1434008}"
미아리우동집 위례점,"우동,소바",없음,4.4,"2,539",52,1666488926,서울 송파구 위례광장로 120 위례중앙푸르지오1단지,"화
09:00 - 21:30
15:00 - 16:30 브레이크타임 /수
09:00 - 21:30
15:00 - 16:30 브레이크타임 /목
09:00 - 21:30
15:00 - 16:30 브레이크타임 /금
09:00 - 21:30
15:00 - 16:30 브레이크타임 /토
09:00 - 21:30
15:00 - 16:30 브레이크타임 /일
09:00 - 21:30
15:00 - 16:30 브레이크타임 /월
09:00 - 21:30
15:00 - 16:30 브레이크타임 /",0507-1464-7794,"{'x': 37.4750397, 'y': 127.14116}"
위례빵집,베이커리,없음,0.0,299,301,1988627062,경기 성남시 수정구 위례순환로 130 아트리버상가 2단지 1층,"매일
08:00 - 22:00 /",031-754-1123,"{'x': 37.47123971235041, 'y': 127.13473618934799}"
청년다방 위례신도시점,분식,없음,4.37,722,84,1130311875,경기 성남시 수정구 위례광장로 310 우성트램타워 A동 1층 112호,"화
11:00 - 22:00
21:00 라스트오더 /수
11:00 - 22:00
21:00 라스트오더 /목
11:00 - 22:00
21:00 라스트오더 /금
11:00 - 22:00
21:00 라스트오더 /토
11:00 - 22:00
21:00 라스트오더 /일
11:00 - 22:00
21:00 라스트오더 /월
11:00 - 22:00
21:00 라스트오더 /",031-755-3535,"{'x': 37.472839, 'y': 127.1424342}"
긴자료코 위례신도시점,돈가스,없음,0.0,211,65,1387833868,경기 성남시 수정구 위례광장로 300 중앙타워 1층 146호,"화
11:00 - 21:00
15:30 - 16:30 브레이크타임
20:30 라스트오더 /수
11:00 - 21:00
15:30 - 16:30 브레이크타임
20:30 라스트오더 /목
11:00 - 21:00
15:30 - 16:30 브레이크타임
20:30 라스트오더 /금
11:00 - 21:00
15:30 - 16:30 브레이크타임
20:30 라스트오더 /토
11:00 - 21:00
15:30 - 16:30 브레이크타임
20:30 라스트오더 /일
11:00 - 21:00
15:30 - 16:30 브레이크타임
20:30 라스트오더 /월
11:00 - 21:00
15:30 - 16:30 브레이크타임
20:30 라스트오더 /",031-757-7780,"{'x': 37.473447300000004, 'y': 127.1427856187999}"
모카눌레,"카페,디저트",없음,4.84,169,67,1895853540,경기 성남시 수정구 위례광장로 300 지하1층 B29호,"화
12:30 - 20:00 /수
12:30 - 20:00 /목
12:30 - 20:00 /금
12:30 - 20:00 /토
12:30 - 20:00 /일
정기휴무 (매주 일요일) /월
정기휴무 (매주 월요일) /",0507-1430-4470,"{'x': 37.473447300000004, 'y': 127.1427856187999}"
소소화로,"육류,고기요리",없음,0.0,697,304,1437245886,경기 성남시 수정구 위례광장로 104 위례 한화 오벨리스크 센트럴스퀘어 1009호,"화
16:00 - 23:00
22:30 라스트오더 /수
16:00 - 23:00
22:30 라스트오더 /목
16:00 - 23:00
22:30 라스트오더 /금
16:00 - 23:00
22:30 라스트오더 /토
16:00 - 23:00
22:30 라스트오더 /일
16:00 - 23:00
22:30 라스트오더 /월
16:00 - 23:00
22:30 라스트오더 /",031-606-9003,"{'x': 37.4733441, 'y': 127.141595}"
읍천리382 위례점,카페,없음,0.0,648,264,1700634247,"경기 성남시 수정구 위례광장로 310 우성트램타워B동 105,106호","화
09:00 - 20:00
19:30 라스트오더 /수
09:00 - 20:00
19:30 라스트오더 /목
09:00 - 20:00
19:30 라스트오더 /금
09:00 - 20:00
19:30 라스트오더 /토
08:00 - 21:00
20:30 라스트오더 /일
08:00 - 21:00
20:30 라스트오더 /월
09:00 - 20:00
19:30 라스트오더 /",0507-1413-0388,"{'x': 37.472839, 'y': 127.1424342}"
오베토일이,브런치카페,없음,0.0,355,158,1152440869,경기 성남시 수정구 위례광장로 70 아트리버푸르지오1단지 상가층 1층,"화
10:00 - 19:00
15:00 - 17:00 브레이크타임
18:00 라스트오더 /수
10:00 - 19:00
15:00 - 17:00 브레이크타임
18:00 라스트오더 /목
10:00 - 19:00
15:00 - 17:00 브레이크타임
18:00 라스트오더 /금
10:00 - 19:00
15:00 - 17:00 브레이크타임
18:00 라스트오더 /토
11:00 - 19:00
18:00 라스트오더 /일
11:00 - 19:00
18:00 라스트오더 /월
정기휴무 (매주 월요일) /",0507-1392-2570,"{'x': 37.466259470285365, 'y': 127.14034709666092}"
위례 와인바 주연,와인,없음,4.7,334,108,1620043404,경기 성남시 수정구 위례서일로1길 8-13 101호,"화
17:00 - 02:00
01:00 라스트오더 /수
17:00 - 02:00
01:00 라스트오더 /목
17:00 - 02:00
01:00 라스트오더 /금
17:00 - 02:00
01:00 라스트오더 /토
17:00 - 02:00
01:00 라스트오더 /일
정기휴무 (매주 일요일) /월
17:00 - 02:00
01:00 라스트오더 /",0507-1358-5521,"{'x': 37.465239223990544, 'y': 127.13836681780612}"
등꺼비식당 위례본점,"육류,고기요리",없음,0.0,100,33,1144915208,"경기 성남시 수정구 위례광장로 19 104호,128호","화
11:00 - 22:00 /수
11:00 - 22:00 /목
11:00 - 22:00 /금
11:00 - 22:00 /토
11:00 - 22:00 /일
11:00 - 22:00 /월
11:00 - 22:00 /",0507-1381-9794,"{'x': 37.4656721, 'y': 127.14059017538332}"
진강정 위례본점,"치킨,닭강정",없음,0.0,442,79,1108601091,경기 성남시 수정구 위례광장로 104 위례한화오벨리스크 센트럴 1층중앙상가 1080호,"화
16:00 - 22:00
21:45 라스트오더 /수
12:00 - 22:00
15:00 - 16:00 브레이크타임
21:45 라스트오더 /목
12:00 - 22:00
15:00 - 16:00 브레이크타임
21:45 라스트오더 /금
12:00 - 22:00
15:00 - 16:00 브레이크타임
21:45 라스트오더 /토
12:00 - 22:00
15:00 - 16:00 브레이크타임
21:45 라스트오더 /일
12:00 - 22:00
15:00 - 16:00 브레이크타임
21:45 라스트오더 /월
정기휴무 (매주 월요일) /",0507-1366-3838,"{'x': 37.4733441, 'y': 127.141595}"
현대옥 위례신도시점,국밥,없음,0.0,797,65,1060766372,"경기 성남시 수정구 위례광장로 300 1층 144, 145호","매일
08:00 - 21:00
15:00 - 17:00 브레이크타임
20:20 라스트오더 /",0507-1399-9997,"{'x': 37.473447300000004, 'y': 127.1427856187999}"
그라츠커피랩 위례점,"카페,디저트",없음,0.0,312,64,1636345471,서울 송파구 위례광장로 270 송파와이즈더샵 1층 G103호 그라츠커피 위례점,"화
10:00 - 17:00 /수
10:00 - 17:00 /목
10:00 - 17:00 /금
10:00 - 17:00 /토
10:00 - 17:00 /일
10:00 - 17:00 /월
정기휴무 (매주 월요일) /",02-6080-2109,"{'x': 37.4814442152005, 'y': 127.14322386759278}"
크루아상148 위례점,베이커리,없음,0.0,367,77,1308186953,서울 송파구 위례광장로 290 상가동 1층 150호 크루아상148,"화
08:00 - 21:00 /수
08:00 - 21:00 /목
08:00 - 21:00 /금
08:00 - 21:00 /토
08:00 - 21:00 /일
08:00 - 21:00 /월
08:00 - 21:00 /",02-6952-1480,"{'x': 37.474597, 'y': 127.1432345}"
강릉엄지네꼬막집 위례점,조개요리,없음,4.35,317,53,1908800083,경기 성남시 수정구 위례광장로 82 상가동 201-202호,"매일
11:00 - 21:40
15:00 - 17:00 브레이크타임
20:50 라스트오더 /",031-755-3335,"{'x': 37.466259470285365, 'y': 127.14034709666092}"
곱분이곱창 위례점,"곱창,막창,양",없음,0.0,350,92,1558514609,경기 성남시 수정구 위례광장로 310 B동 1층 116호,"화
16:00 - 01:00
00:00 라스트오더 /수
16:00 - 01:00
00:00 라스트오더 /목
16:00 - 01:00
00:00 라스트오더 /금
16:00 - 01:00
00:00 라스트오더 /토
16:00 - 01:00
00:00 라스트오더 /일
16:00 - 01:00
00:00 라스트오더 /월
정기휴무 (매주 월요일) /",0507-1413-6988,"{'x': 37.472839, 'y': 127.1424342}"
마왕족발 위례신도시점,"족발,보쌈",없음,0.0,524,54,1972553375,서울 송파구 위례광장로 136 아이파크1차 상가 1층 마왕족발,"화
15:00 - 22:00 /수
15:00 - 22:00 /목
15:00 - 22:00 /금
15:00 - 22:00 /토
11:30 - 23:00 /일
11:30 - 23:00 /월
15:00 - 22:00 /",02-2043-3255,"{'x': 37.4756788, 'y': 127.1421441}"
본가할매순대국 위례광장직영점,"순대,순댓국",없음,0.0,319,22,1766117231,"서울 송파구 위례광장로 270 송파와이즈더샵 G동 106,107호","매일
00:00 - 24:00 /",0507-1488-5027,"{'x': 37.4814442152005, 'y': 127.14322386759278}"
데일리딜라이트,"스파게티,파스타전문",없음,0.0,311,93,1265041754,경기 성남시 수정구 위례광장로 300 위례중앙타워 2층 211호,"매일
09:30 - 21:00 /",0507-1333-2350,"{'x': 37.473447300000004, 'y': 127.1427856187999}"
노랑통닭 위례점,"치킨,닭강정",없음,4.38,555,200,172452034,경기 성남시 수정구 위례광장로 310 우성트램타워 A동 1층,"화(3/18)
휴무 /수
16:00 - 01:00 /목
16:00 - 01:00 /금
16:00 - 01:00 /토
13:00 - 01:00 /일
13:00 - 23:00 /월
16:00 - 01:00 /",0507-1440-1216,"{'x': 37.472839, 'y': 127.1424342}"
호식당 위례,일식당,없음,4.97,361,37,1860388198,경기 성남시 수정구 위례광장로 300 지하1층 B21호,"화
11:00 - 21:00
15:00 - 17:00 브레이크타임
20:30 라스트오더 /수
11:00 - 21:00
15:00 - 17:00 브레이크타임
20:30 라스트오더 /목
11:00 - 21:00
15:00 - 17:00 브레이크타임
20:30 라스트오더 /금
11:00 - 21:00
15:00 - 17:00 브레이크타임
20:30 라스트오더 /토
11:00 - 21:00
15:00 - 17:00 브레이크타임
20:30 라스트오더 /일
정기휴무 (매주 일요일) /월
11:00 - 21:00
15:00 - 17:00 브레이크타임
20:30 라스트오더 /",0507-1388-6841,"{'x': 37.473447300000004, 'y': 127.1427856187999}"
우리할매떡볶이 위례점,분식,없음,0.0,"1,644",62,1113823593,서울 송파구 위례광장로 290 푸르지오 2단지 상가 1층 141호,"매일
11:00 - 23:20 /",02-403-5220,"{'x': 37.474597, 'y': 127.1432345}"
라홍방마라탕 송파위례점,마라탕,없음,0.0,"1,209",28,1325210331,서울 송파구 위례광장로 230 아이파크상가 1동 A-109호,"화
정기휴무 (매주 화요일) /수
11:00 - 21:30
21:00 라스트오더 /목
11:00 - 21:30
21:00 라스트오더 /금
11:00 - 21:30
21:00 라스트오더 /토
11:00 - 21:30
21:00 라스트오더 /일
11:00 - 21:30
21:00 라스트오더 /월
11:00 - 21:30
21:00 라스트오더 /",070-4322-5000,"{'x': 37.4783867, 'y': 127.1434008}"
톤앤톤케이크,케이크전문,없음,0.0,288,7,1349387518,"경기 성남시 수정구 위례광장로 328 1층 120 호(우성 위례 타워, 현대자동차 전시장)","화
11:00 - 18:00 /수
11:00 - 18:00 /목
11:00 - 18:00 /금
11:00 - 18:00 /토
12:00 - 16:00 /일
정기휴무 (매주 일요일) /월
정기휴무 (매주 월요일) /",없음,"{'x': 37.466259470285365, 'y': 127.14034709666092}"
부성초밥 위례본점,"초밥,롤",없음,0.0,40,4,1915113019,서울 송파구 위례광장로 120 상가동 1층 154호,"매일
11:00 - 21:30
21:00 라스트오더 /",0507-1487-6002,"{'x': 37.4750397, 'y': 127.14116}"
롤링파스타 위례점,"스파게티,파스타전문",없음,4.66,941,123,1334909639,경기 성남시 수정구 위례광장로 322 아이플렉스 건물 1층 롤링파스타 위례점,"화
11:30 - 21:00
15:00 - 17:00 브레이크타임
20:30 라스트오더 /수
11:30 - 21:00
15:00 - 17:00 브레이크타임
20:30 라스트오더 /목
11:30 - 21:00
15:00 - 17:00 브레이크타임
20:30 라스트오더 /금
11:30 - 21:00
15:00 - 17:00 브레이크타임
20:30 라스트오더 /토
11:30 - 21:00
15:30 - 17:30 브레이크타임
20:30 라스트오더 /일
11:30 - 21:00
15:30 - 17:30 브레이크타임
20:30 라스트오더 /월
11:30 - 21:00
15:00 - 17:00 브레이크타임
20:30 라스트오더 /",031-756-5172,"{'x': 37.466259470285365, 'y': 127.14034709666092}"
복호두 송파위례점,호두과자,없음,0.0,576,77,1077482894,서울 송파구 위례광장로 290 133호,"화
08:00 - 20:00 /수
08:00 - 20:00 /목
08:00 - 20:00 /금
08:00 - 20:00 /토
08:00 - 20:00 /일
08:00 - 20:00 /월
08:00 - 20:00 /",0507-1383-6610,"{'x': 37.474597, 'y': 127.1432345}"
쌀통닭 위례점,"치킨,닭강정",없음,4.56,282,34,1388807382,서울 송파구 위례광장로 120 1층 145호,"화
16:00 - 01:30 /수
16:00 - 01:30 /목
16:00 - 01:30 /금
16:00 - 01:30 /토
14:00 - 01:30 /일
14:00 - 01:30 /월
16:00 - 01:30 /",031-723-8482,"{'x': 37.4750397, 'y': 127.14116}"
루이비타베이커리 위례점,"카페,디저트",없음,4.41,265,65,1458804663,경기 성남시 수정구 위례광장로 104 한화오벨리스크 센트럴스퀘어 1층 1066호,"화
정기휴무 (매주 화요일) /수
정기휴무 (매주 수요일) /목
12:00 - 18:00 /금
12:00 - 18:00 /토
11:30 - 18:00 /일
10:30 - 18:00 /월
정기휴무 (매주 월요일) /",0507-1381-3336,"{'x': 37.4733441, 'y': 127.141595}"
배스킨라빈스 위례중앙점,아이스크림,없음,4.41,"3,034",69,206171264,서울 송파구 위례광장로 136 위례아이파크,"매일
10:00 - 23:00 /",02-403-1131,"{'x': 37.4756788, 'y': 127.1421441}"
볏짚구이마을,"육류,고기요리",없음,0.0,360,177,1219309956,서울 송파구 위례광장로 120 중앙푸르지오1단지 1층 143 144,"화
정기휴무 (매주 화요일) /수
16:00 - 02:00
01:00 라스트오더 /목
16:00 - 02:00
01:00 라스트오더 /금
16:00 - 02:00
01:00 라스트오더 /토
12:00 - 02:00
01:00 라스트오더 /일
12:00 - 24:00
23:00 라스트오더 /월
16:00 - 02:00
01:00 라스트오더 /",0507-1421-8483,"{'x': 37.4750397, 'y': 127.14116}"
토리키치 위례중앙점,이자카야,없음,0.0,231,65,1439302352,서울 송파구 위례광장로 290 상가동 1층 125호,"매일
17:00 - 01:00 /",0507-1318-3341,"{'x': 37.474597, 'y': 127.1432345}"
파리바게뜨 위례아이파크점,베이커리,없음,4.4,"2,649",24,38248768,"서울 송파구 위례광장로 136 (장지동, 위례아이파크) 위례아이파크 상가동 1층 106,107,116,117호","매일
07:00 - 23:00 /",02-431-7500,"{'x': 37.4756788, 'y': 127.1421441}"
풍국면 송파위례점,국수,없음,0.0,144,47,1011639733,서울 송파구 위례광장로 230 상가 2동 1층 B-103호,"화
11:00 - 21:00
15:00 - 17:00 브레이크타임
20:30 라스트오더 /수
11:00 - 21:00
15:00 - 17:00 브레이크타임
20:30 라스트오더 /목
11:00 - 21:00
15:00 - 17:00 브레이크타임
20:30 라스트오더 /금
11:00 - 21:00
15:00 - 17:00 브레이크타임
20:30 라스트오더 /토
11:00 - 21:00
15:00 - 17:00 브레이크타임
20:30 라스트오더 /일
11:00 - 21:00
15:00 - 17:00 브레이크타임
20:30 라스트오더 /월
정기휴무 (매주 월요일) /",0507-1483-0733,"{'x': 37.4783867, 'y': 127.1434008}"
바티야,베이커리,없음,0.0,174,11,1673112896,서울 송파구 위례광장로 170 A동 1층 114호,"화(3/18)
휴무 /수
10:30 - 19:30 /목
10:30 - 19:30 /금
10:30 - 19:30 /토
10:30 - 19:30 /일
정기휴무 (매주 일요일) /월
10:30 - 19:30 /",0507-1348-0196,"{'x': 37.4789618, 'y': 127.1429015}"
건강밥상 곤드레,한식,없음,0.0,161,100,1160867697,"경기 성남시 수정구 위례광장로 104 2층 2205호, 2206호, 2207호","화
11:30 - 21:00
15:00 - 17:00 브레이크타임
14:30, 20:30 라스트오더 /수
11:30 - 21:00
15:00 - 17:00 브레이크타임
14:30, 20:30 라스트오더 /목
11:30 - 21:00
15:00 - 17:00 브레이크타임
14:30, 20:30 라스트오더 /금
11:30 - 21:00
15:00 - 17:00 브레이크타임
14:30, 20:30 라스트오더 /토
11:30 - 21:00
15:00 - 17:00 브레이크타임
14:30, 20:30 라스트오더 /일
11:30 - 21:00
15:00 - 17:00 브레이크타임
14:30, 20:30 라스트오더 /월
11:30 - 21:00
15:00 - 17:00 브레이크타임
14:30, 20:30 라스트오더 /",0507-1486-1592,"{'x': 37.4733441, 'y': 127.141595}"
국밥쟁이 위례점,국밥,없음,0.0,111,59,1078729705,서울 송파구 위례광장로 163 상가동 108호,"화
10:00 - 20:00 /수
10:00 - 20:00 /목
10:00 - 20:00 /금
10:00 - 20:00 /토
정기휴무 (매주 토요일) /일
정기휴무 (매주 일요일) /월
10:00 - 20:00 /",0507-1343-0308,"{'x': 37.47615430931036, 'y': 127.1440331375789}"
쌀어묵공방 송파위례점,분식,없음,4.24,198,68,1097021675,서울 송파구 위례광장로 188 아이온스퀘어 103호 쌀어묵공방,"화
11:00 - 21:00 /수
11:00 - 21:00 /목
11:00 - 21:00 /금
11:00 - 21:00 /토
정보없음 /일
정기휴무 (매주 일요일) /월
11:00 - 21:00 /",02-403-7773,"{'x': 37.481226649999996, 'y': 127.14248774455531}"
카페리프 위례점,"카페,디저트",새로오픈,0.0,14,5,1918623413,경기 성남시 수정구 위례광장로 320 아이에스샌트럴타워 1층 119호,"매일
10:00 - 21:00 /",070-8211-0527,"{'x': 37.466259470285365, 'y': 127.14034709666092}"
메가MGC커피 위례신도시,카페,없음,4.47,"2,005",22,1231775094,경기 성남시 수정구 위례광장로 310 우성트램타워 A동 107호,"매일
08:30 - 22:00
21:30 라스트오더 /",031-752-8764,"{'x': 37.472839, 'y': 127.1424342}"
60계치킨 위례신도시점,"치킨,닭강정",없음,4.22,396,79,286467730,서울 송파구 위례광장로 136 2층,"화
11:00 - 02:00 /수
11:00 - 02:00 /목
11:00 - 02:00 /금
11:00 - 02:00 /토
11:00 - 02:00 /일
11:00 - 01:00 /월
11:00 - 02:00 /",0507-1480-6606,"{'x': 37.4756788, 'y': 127.1421441}"
스시라,일식당,없음,0.0,90,111,1611227929,경기 성남시 수정구 위례광장로 320 아이에스센트럴타워 3층 318호,"화
12:00 - 22:00
15:00 - 19:00 브레이크타임 /수
12:00 - 22:00
15:00 - 19:00 브레이크타임 /목
12:00 - 22:00
15:00 - 19:00 브레이크타임 /금
12:00 - 22:00
15:00 - 19:00 브레이크타임 /토
12:00 - 22:00
15:00 - 19:00 브레이크타임 /일
12:00 - 22:00
15:00 - 19:00 브레이크타임 /월
정기휴무 (매주 월요일) /",0507-1385-1579,"{'x': 37.466259470285365, 'y': 127.14034709666092}"
없음,없음,없음,0.0,0,0,없음,없음,,없음,"{'x': 0, 'y': 0}"
